{"cameraMode":{"drawMode":0,"name":"Shaded","section":"Shading Mode"},"sceneLighting":true,"audioPlay":false,"sceneViewState":{"m_AlwaysRefresh":false,"showFog":true,"showSkybox":true,"showFlares":true,"showImageEffects":true,"showParticleSystems":true,"showVisualEffectGraphs":true,"m_FxEnabled":true},"in2DMode":false,"pivot":{"x":0.04496912285685539,"y":-2.2967536449432375,"z":-4.467016220092773},"rotation":{"x":-0.006795123219490051,"y":0.9793120622634888,"z":-0.19927799701690675,"w":-0.03198503330349922},"size":2.485870838165283,"orthographic":false}