{"cameraMode":{"drawMode":0,"name":"Shaded","section":"Shading Mode"},"sceneLighting":false,"audioPlay":false,"sceneViewState":{"m_AlwaysRefresh":false,"showFog":true,"showSkybox":false,"showFlares":true,"showImageEffects":true,"showParticleSystems":true,"showVisualEffectGraphs":true,"m_FxEnabled":true},"in2DMode":false,"pivot":{"x":0.009424089454114437,"y":-0.005110009107738733,"z":0.06448683887720108},"rotation":{"x":0.0921800434589386,"y":-0.3165854811668396,"z":0.0305117666721344,"w":0.9435534477233887},"size":0.08015609532594681,"orthographic":false}