{"cameraMode":{"drawMode":0,"name":"Shaded","section":"Shading Mode"},"sceneLighting":false,"audioPlay":false,"sceneViewState":{"m_AlwaysRefresh":false,"showFog":true,"showSkybox":false,"showFlares":true,"showImageEffects":true,"showParticleSystems":true,"showVisualEffectGraphs":true,"m_FxEnabled":true},"in2DMode":false,"pivot":{"x":0.0421626940369606,"y":-0.011280447244644165,"z":0.025628425180912019},"rotation":{"x":0.1965787410736084,"y":-0.3739878833293915,"z":0.08100245893001557,"w":0.9027086496353149},"size":0.08015609532594681,"orthographic":false}