{"cameraMode":{"drawMode":0,"name":"Shaded","section":"Shading Mode"},"sceneLighting":false,"audioPlay":false,"sceneViewState":{"m_AlwaysRefresh":false,"showFog":true,"showSkybox":false,"showFlares":true,"showImageEffects":true,"showParticleSystems":true,"showVisualEffectGraphs":true,"m_FxEnabled":true},"in2DMode":false,"pivot":{"x":-0.2211158573627472,"y":-0.3056918680667877,"z":-0.00036150330561213195},"rotation":{"x":0.288104385137558,"y":-0.6482085585594177,"z":0.29088136553764346,"w":0.6420258283615112},"size":0.3999941945075989,"orthographic":false}